"group_id","group_name","user_id","username","first_name","last_name","role","status"
1,"Predator Free Lincoln University",21,"leo_forest","Leo","Adams","observer","Approved"
1,"Predator Free Lincoln University",22,"ruby_sight","Ruby","Nelson","observer","Approved"
1,"Predator Free Lincoln University",23,"isaac_track","Isaac","Carter","observer","Approved"
1,"Predator Free Lincoln University",14,"cara_view","Cara","Lee","observer","Approved"
1,"Predator Free Lincoln University",15,"lucas_watch","Lucas","Scott","observer","Approved"
1,"Predator Free Lincoln University",16,"ella_green","Ella","Green","observer","Approved"
1,"Predator Free Lincoln University",17,"henry_spotter","Henry","Walker","observer","Approved"
1,"Predator Free Lincoln University",18,"sophia_trail","Sophia","Wright","observer","Approved"
1,"Predator Free Lincoln University",19,"charlie_note","Charlie","Hill","observer","Approved"
1,"Predator Free Lincoln University",20,"grace_field","Grace","Baker","observer","Approved"
1,"Predator Free Lincoln University",11,"ava_monitor","Ava","Hall","operator","Approved"
1,"Predator Free Lincoln University",12,"ethan_checker","Ethan","Young","operator","Approved"
1,"Predator Free Lincoln University",13,"mia_bush","Mia","King","operator","Approved"
1,"Predator Free Lincoln University",4,"ben_ops","Ben","Johnson","operator","Approved"
1,"Predator Free Lincoln University",5,"olivia_field","Olivia","Brown","operator","Approved"
1,"Predator Free Lincoln University",6,"liam_ranger","Liam","Wilson","operator","Approved"
1,"Predator Free Lincoln University",7,"zoe_tracker","Zoe","Martin","operator","Approved"
1,"Predator Free Lincoln University",8,"noah_patrol","Noah","Anderson","operator","Approved"
1,"Predator Free Lincoln University",9,"emma_traps","Emma","White","operator","Approved"
1,"Predator Free Lincoln University",10,"jack_outdoor","Jack","Thomas","operator","Approved"
1,"Predator Free Lincoln University",1,"alex332","Alex","Smith","group_coordinator","Approved"
1,"Predator Free Lincoln University",2,"mor_ad","Morgan","Taylor","group_coordinator","Approved"
1,"Predator Free Lincoln University",3,"ray_hm","Ray","HM","group_coordinator","Approved"
2,"Darfield Possum Catch Group",14,"cara_view","Cara","Lee","observer","Approved"
2,"Darfield Possum Catch Group",4,"ben_ops","Ben","Johnson","operator","Approved"
2,"Darfield Possum Catch Group",1,"alex332","Alex","Smith","group_coordinator","Approved"
3,"West Melton Predator-Free",5,"olivia_field","Olivia","Brown","operator","Approved"
3,"West Melton Predator-Free",2,"mor_ad","Morgan","Taylor","group_coordinator","Approved"
